{
	"pages": [ //pages数组中第一项表示应用启动页，参考：https://uniapp.dcloud.io/collocation/pages
		{
			"path": "pages/index/index/index",
			"style": {
				"navigationBarTitleText": "首页",
				"enablePullDownRefresh": true
			}
		},
		{
			"path": "pages/index/web/web",
			"style": {
				"navigationBarTitleText": "niushop",
				"navigationStyle": "custom"
			}
		},

		//******************登录模块******************
		{
			"path": "pages/login/login/login",
			"style": {
				"navigationStyle": "custom",
				"navigationBarTitleText": ""
			}
		},
		{
			"path": "pages/login/find/find",
			"style": {
				"navigationStyle": "custom",
				"navigationBarTitleText": ""
			}
		},
		{
			"path": "pages/login/register/register",
			"style": {
				"navigationStyle": "custom",
				"navigationBarTitleText": ""
			}
		},
		//******************CMS模块******************	
		{
			"path": "pages/article/detail/detail",
			"style": {
				"navigationBarTitleText": "文章详情"
			}
		},
		{
			"path": "pages/article/list/list",
			"style": {
				"navigationBarTitleText": "文章列表",
				"enablePullDownRefresh": true
			}
		},
		{
			"path": "pages/help/index/index",
			"style": {
				"navigationBarTitleText": "帮助中心"
			}
		},
		{
			"path": "pages/help/detail/detail",
			"style": {
				"navigationBarTitleText": "帮助中心"
			}
		},
		


		//******************商品模块******************

		{
			"path": "pages/goods/category/category",
			"style": {
				"navigationBarTitleText": "商品分类",
				"navigationBarBackgroundColor": "#fff"
			}
		},
		{
			"path": "pages/goods/list/list",
			"style": {
				"navigationBarTitleText": "商品列表",
				"enablePullDownRefresh": true
			}
		},
		// 商品详情、限时折扣、预售
		{
			"path": "pages/goods/detail/detail",
			"style": {
				"navigationBarTitleText": "商品详情"
			}
		},
		{
			"path": "pages/goods/cart/cart",
			"style": {
				"navigationBarTitleText": "购物车",
				"navigationBarBackgroundColor": "#fff"
			}
		}, {
			"path": "pages/goods/brand/brand",
			"style": {
				"navigationBarTitleText": "品牌专区"
			}
		}, {
			"path": "pages/goods/discount/discount",
			"style": {
				"navigationBarTitleText": "限时折扣"
			}
		},
		{
			"path": "pages/goods/point/point",
			"style": {
				"navigationBarTitleText": "积分中心"
			}
		},
		{
			"path": "pages/goods/combo/combo",
			"style": {
				"navigationBarTitleText": "组合套餐"
			}
		},
		{
			"path": "pages/goods/coupon/coupon",
			"style": {
				"navigationBarTitleText": "优惠券领取"
			}
		}, {
			"path": "pages/goods/coupon_receive/coupon_receive",
			"style": {
				"navigationBarTitleText": "领取优惠券"
			}
		},
		{
			"path": "pages/goods/topic_detail/topic_detail",
			"style": {
				"navigationBarTitleText": "专题详情",
				"navigationBarBackgroundColor": "#fff"
			}
		}, {
			"path": "pages/goods/topics/topics",
			"style": {
				"navigationBarTitleText": "专题活动",
				"navigationBarBackgroundColor": "#fff"
			}
		},
		//******************会员模块******************
		{
			"path": "pages/member/index/index",
			"style": {
				"navigationBarTitleText": "个人中心",
				// "navigationStyle": "custom",
				"enablePullDownRefresh": true
			}
		},
		{
			"path": "pages/member/info/info",
			"style": {
				"navigationStyle": "custom",
				"navigationBarTitleText": "个人资料"
			}
		},
		{
			"path": "pages/member/address/address",
			"style": {
				"navigationBarTitleText": "收货地址",
				"navigationBarBackgroundColor": "#fff"
			}
		},
		{
			"path": "pages/member/address_edit/address_edit",
			"style": {
				"navigationBarTitleText": "编辑收货地址",
				"navigationBarBackgroundColor": "#fff"
			}
		}, {
			"path": "pages/member/point/point",
			"style": {
				"navigationBarTitleText": "店铺积分流水"
			}
		}, {
			"path": "pages/member/balance/balance",
			"style": {
				"navigationBarTitleText": "我的余额"
			}
		}, {
			"path": "pages/member/withdrawal/withdrawal",
			"style": {
				"navigationBarTitleText": "提现记录",
				"enablePullDownRefresh": true
			}
		}, {
			"path": "pages/member/coupon/coupon",
			"style": {
				"navigationBarTitleText": "我的优惠券"
			}
		},
		{
			"path": "pages/member/apply_withdrawal/apply_withdrawal",
			"style": {
				"navigationBarTitleText": "申请提现"
			}
		}, {
			"path": "pages/member/recharge/recharge",
			"style": {
				"navigationBarTitleText": "充值余额"
			}
		}, {
			"path": "pages/member/collection/collection",
			"style": {
				"navigationBarTitleText": "我的收藏"
			}
		}, {
			"path": "pages/member/account/account",
			"style": {
				"navigationBarTitleText": "账户列表",
				"navigationBarBackgroundColor": "#fff"
			}
		}, {
			"path": "pages/member/account_edit/account_edit",
			"style": {
				"navigationBarTitleText": "编辑账户",
				"navigationBarBackgroundColor": "#fff"
			}
		}, {
			"path": "pages/member/modify_face/modify_face",
			"style": {
				"navigationBarTitleText": "修改头像",
				"navigationBarBackgroundColor": "#fff"
			}
		}, {
			"path": "pages/member/signin/signin",
			"style": {
				"navigationBarTitleText": "签到有礼",
				"navigationBarBackgroundColor": "#fff"
			}
		}, {
			"path": "pages/member/footprint/footprint",
			"style": {
				"navigationBarTitleText": "我的足迹",
				"navigationBarBackgroundColor": "#fff"
			}
		},
		{
			"path": "pages/member/level/level",
			"style": {
				"navigationBarTitleText": "会员等级",
				"navigationBarBackgroundColor": "#fff"
			}
		}, {
			"path": "pages/member/winning/winning",
			"style": {
				"navigationBarTitleText": "中奖记录",
				"navigationBarBackgroundColor": "#fff"
			}
		}, {
			"path": "pages/member/receive_prize/receive_prize",
			"style": {
				"navigationBarTitleText": "奖品领取",
				"navigationBarBackgroundColor": "#fff"
			}
		},
		//******************订单模块******************
		{
			"path": "pages/order/payment/payment",
			"style": {
				"navigationBarTitleText": "订单结算",
				"navigationBarBackgroundColor": "#fff"
			}
		},
		{
			"path": "pages/order/list/list",
			"style": {
				"navigationBarTitleText": "订单列表",
				"navigationBarBackgroundColor": "#fff",
				"enablePullDownRefresh": true
			}
		},
		{

			"path": "pages/order/evaluate/evaluate",
			"style": {
				"navigationBarTitleText": "我要评价"
			}
		},
		{

			"path": "pages/order/detail/detail",
			"style": {
				"navigationBarTitleText": "订单详情",
				"navigationBarBackgroundColor": "#fff",
				"transparentTitle": "auto"
			}
		},
		{

			"path": "pages/order/logistics/logistics",
			"style": {
				"navigationBarTitleText": "物流信息",
				"navigationBarBackgroundColor": "#fff"
			}
		},
		{
			"path": "pages/order/pickup/pickup",
			"style": {
				"navigationBarTitleText": "订单自提"
			}
		},
		{
			"path": "pages/order/pickup_toexamine/pickup_toexamine",
			"style": {
				"navigationBarTitleText": "自提核销"
			}
		},
		{
			"path": "pages/order/aftersale/aftersale",
			"style": {
				"navigationBarTitleText": "申请售后"

			}
		},
		{
			"path": "pages/order/refund_detail/refund_detail",
			"style": {
				"navigationBarTitleText": "申请退款"

			}
		},
		//******************支付模块******************
		{
			"path": "pages/pay/pay/pay",
			"style": {
				"navigationBarTitleText": "支付方式",
				"navigationBarBackgroundColor": "#fff"
			}
		},
		{
			"path": "pages/pay/callback_pay/callback_pay",
			"style": {
				"navigationBarTitleText": "支付情况",
				"navigationBarBackgroundColor": "#fff"
			}
		}

		//******************核销模块******************
		, {
			"path": "pages/verification/code/code",
			"style": {
				"navigationBarTitleText": "我的虚拟码"
			}
		}, {
			"path": "pages/verification/index/index",
			"style": {
				"navigationBarTitleText": "核销台"
			}
		}, {
			"path": "pages/verification/goods/goods",
			"style": {
				"navigationBarTitleText": "核销商品核销"
			}
		}, {
			"path": "pages/verification/detail/detail",
			"style": {
				"navigationBarTitleText": "虚拟商品详情"
			}
		}, {
			"path": "pages/verification/share/share",
			"style": {
				"navigationBarTitleText": "虚拟商品"
			}
		}
		
		//******************秒杀砍价******************
		,{
            "path" : "pages/index/index/second/second",
            "style" : {
				"navigationBarTitleText": "秒杀商品"
			}
        }
        ,{
            "path" : "pages/index/index/bargain/bargain",
            "style" : {
				"navigationBarTitleText": "砍价商品"
			}
        }
        ,{
            "path" : "pages/index/index/group/group",
            "style" : {
				"navigationBarTitleText": "拼团商品"
			}
        }
        ,{
            "path" : "pages/index/index/integralstore/integralstore",
            "style" : {
				"navigationBarTitleText": "积分商城"
			}
        },
		{
			"path" : "pages/store/openStore/openStore",
			"style" : {
				"navigationBarTitleText": "商家开店"
			}
		}
    ],
	"subPackages": [{
			//******************活动******************
			"root": "promotionpages",
			"pages": [
				// ---------------------------------拼团---------------------------------------
				{
					"path": "pintuan/list/list",
					"style": {
						"navigationBarTitleText": "拼团专区"
					}
				},
				{
					// 拼团商品详情
					"path": "pintuan/detail/detail",
					"style": {
						"navigationBarTitleText": "商品详情"
					}
				},
				{
					"path": "pintuan/share/share",
					"style": {
						"navigationBarTitleText": "拼团分享"
					}
				},
				{
					"path": "pintuan/spelllist/spelllist",
					"style": {
						"navigationBarTitleText": "我的拼单",
						"navigationBarBackgroundColor": "#fff"
					}
				},
				// ---------------------------------砍价---------------------------------------
				{
					"path": "bargain/list/list",
					"style": {
						"navigationBarTitleText": "砍价专区"
					}
				},
				{
					// 砍价商品详情
					"path": "bargain/detail/detail",
					"style": {
						"navigationBarTitleText": "商品详情"
					}
				},
				{
					"path": "bargain/launch/launch",
					"style": {
						"navigationBarTitleText": "砍价分享"
					}
				},
				{
					"path": "bargain/bargain/bargain",
					"style": {
						"navigationBarTitleText": "我的砍价",
						"navigationBarBackgroundColor": "#fff"
					}
				},
				// ---------------------------------团购---------------------------------------
				{
					"path": "groupbuy/detail/detail",
					"style": {
						"navigationBarTitleText": "商品详情"
					}
				},
				{
					"path": "groupbuy/list/list",
					"style": {
						"navigationBarTitleText": "团购专区"
					}
				},
				{
					"path": "notice/list/list",
					"style": {
						"navigationBarTitleText": "公告列表",
						"enablePullDownRefresh": true
					}
				},
				{
					"path": "notice/detail/detail",
					"style": {
						"navigationBarTitleText": "公告详情"
					}
				},
				// ---------------------------------直播---------------------------------------
				{
					"path": "live/list/list",
					"style": {
						"navigationBarTitleText": "直播间列表",
						"enablePullDownRefresh": true
					}
				},
				{
					"path": "live/playback/playback",
					"style": {
						"navigationBarTitleText": "直播详情",
						"enablePullDownRefresh": true
					}
				}
			]
		},

		//******************推广******************
		{
			"root": "distributionpages",
			"pages": [{
					"path": "index/index",
					"style": {
						"navigationBarTitleText": "推广中心"
					}
				}, 
				{
					"path": "apply_promoter/apply_promoter",
					"style": {
						"navigationBarTitleText": "申请推广员"
					}
				},
				{
					"path": "team/team",
					"style": {
						"navigationBarTitleText": "我的团队"
					}
				},
				//会员对于当前店铺的佣金情况
				{
					"path": "commission_shop/commission_shop",
					"style": {
						"navigationBarTitleText": "我的佣金"
					}
				},

				{
					"path": "commission_recording/commission_recording",
					"style": {
						"navigationBarTitleText": "进行中佣金"
					}
				},
				// 修改推广商店铺
				{
					"path": "shop_edit/shop_edit",
					"style": {
						"navigationBarTitleText": "推广店铺修改"
					}
				},
				// 推广商品设置
				{
					"path": "goods/goods",
					"style": {
						"navigationBarTitleText": "推荐商品"
					}
				},
				// 我的推广商品
				{
					"path": "my_goods/my_goods",
					"style": {
						"navigationBarTitleText": "我的推荐商品"
					}
				},
				{
					"path": "to_withdraw/to_withdraw",
					"style": {
						"navigationBarTitleText": "申请提现"
					}
				},
				// 会员佣金记录（明细）
				{
					"path": "account/account",
					"style": {
						"navigationBarTitleText": "佣金记录"
					}
				},
				// 具体项的佣金明细
				{
					"path": "account_detail/account_detail",
					"style": {
						"navigationBarTitleText": "佣金明细"
					}
				},
				{
					"path": "apply_partner/apply_partner",
					"style": {
						"navigationBarTitleText": "股东申请"
					}
				},
				{
					"path": "partner/partner",
					"style": {
						"navigationBarTitleText": "股东"
					}
				},
				// 区域代理申请
				{
					"path": "apply_region/apply_region",
					"style": {
						"navigationBarTitleText": "区域推广申请"
					}
				},
				// 区域代理首页
				{
					"path": "region/region",
					"style": {
						"navigationBarTitleText": "区域推广"
					}
				},
				// 我的店铺商品
				{
					"path": "user_shop_goods/user_shop_goods",
					"style": {
						"navigationBarTitleText": "我的店铺"
					}
				},
				// 店铺分享
				{
					"path": "share_shop/share_shop",
					"style": {
						"navigationBarTitleText": "店铺分享"
					}
				},
				// 分销商等级
				{
					"path": "distribution_level/distribution_level",
					"style": {
						"navigationBarTitleText": "分销商等级"
					}
				}

			]
		}
	],
	"tabBar": {
		"color": "#333333",
		"selectedColor": "#2A6CDC",
		"backgroundColor": "#fff",
		"borderStyle": "white",
		"list": [{
				"pagePath": "pages/index/index/index"
			},
			{
				"pagePath": "pages/goods/category/category"
			},
			{
				"pagePath": "pages/store/openStore/openStore"
			},
			{
				"pagePath": "pages/goods/cart/cart"
			},
			{
				"pagePath": "pages/member/index/index"
			}
		]
	},
	"globalStyle": {
		"navigationBarTextStyle": "black",
		"navigationBarTitleText": "niushop",
		"navigationBarBackgroundColor": "#fff",
		"backgroundColor": "#F8F8F8"
	},
	"condition": { //模式配置，仅开发期间生效
		"current": 0, //当前激活的模式(list 的索引项)
		"list": [{
			"name": "", //模式名称
			"path": "", //启动页面，必选
			"query": "" //启动参数，在页面的onLoad函数里面得到
		}]
	}

}
